{
  "eye": {
    "orientation": [
      0.5050469636917114,
      0.5305659174919128,
      -0.4710026979446411,
      0.4915117919445038
    ],
    "magnitude": 0.5773502588272095,
    "position": [
      -78.23168182373047,
      1503.542724609375,
      95.76627349853516
    ]
  },
  "paths": [{
    "key": 1,
    "keyFrames": [{
      "orientation": [
        0.5050469636917114,
        0.5305659174919128,
        -0.4710026979446411,
        0.4915117919445038
      ],
      "magnitude": 0.5773502588272095,
      "position": [
        -89.71929931640625,
        1753.4190673828125,
        114.112060546875
      ],
      "time": 0
    }]
  }],
  "ortho": false,
  "radius": 2000,
  "visualHints": 11
}