{
  "eye": {
    "orientation": [
      0.1285262107849121,
      0.7341647744178772,
      -0.6507356762886047,
      0.1450042426586151
    ],
    "magnitude": 0.5773502588272095,
    "position": [
      0,
      0,
      0
    ]
  },
  "paths": [{
    "key": 1,
    "keyFrames": [{
      "orientation": [
        0.1285262107849121,
        0.7341647744178772,
        -0.6507356762886047,
        0.1450042426586151
      ],
      "magnitude": 0.5773502588272095,
      "position": [
        0,
        0,
        0
      ],
      "time": 0
    }]
  }],
  "ortho": false,
  "radius": 2000,
  "visualHints": 11
}